{"version":"2024-02-13","curators":"Katerina Vrotsou, Nico","data_source":"https://www.kaggle.com/datasets/yondu23/actor-and-actresses-information","data":[{"_id":"nm3485845","name":"Adam Driver","gender":"M","nationality":"American","birthyear":1983,"age":40},{"_id":"nm0010734","name":"Amy Adams","gender":"F","nationality":"American","birthyear":1974,"age":49},{"_id":"nm7363531","name":"Andra Day","gender":"F","nationality":"American","birthyear":1984,"age":39},{"_id":"nm1940449","name":"Andrew Garfield","gender":"M","nationality":"English","birthyear":1983,"age":40},{"_id":"nm0000164","name":"Anthony Hopkins","gender":"M","nationality":"Welsh","birthyear":1937,"age":86},{"_id":"nm0000104","name":"Antonio Banderas","gender":"M","nationality":"Spanish","birthyear":1960,"age":63},{"_id":"nm1212722","name":"Benedict Cumberbatch","gender":"M","nationality":"English","birthyear":1976,"age":47},{"_id":"nm0177896","name":"Bradley Cooper","gender":"M","nationality":"American","birthyear":1974,"age":49},{"_id":"nm0488953","name":"Brie Larson","gender":"F","nationality":"American","birthyear":1989,"age":34},{"_id":"nm0001136","name":"Bruce Dern","gender":"M","nationality":"American","birthyear":1936,"age":87},{"_id":"nm0186505","name":"Bryan Cranston","gender":"M","nationality":"American","birthyear":1956,"age":67},{"_id":"nm1659547","name":"Carey Mulligan","gender":"F","nationality":"English","birthyear":1985,"age":38},{"_id":"nm0000729","name":"Casey Affleck","gender":"M","nationality":"American","birthyear":1975,"age":48},{"_id":"nm0000949","name":"Cate Blanchett","gender":"F","nationality":"Australian","birthyear":1969,"age":54},{"_id":"nm0000234","name":"Charlize Theron","gender":"F","nationality":"South African","birthyear":1975,"age":48},{"_id":"nm0001648","name":"Charlotte Rampling","gender":"F","nationality":"English","birthyear":1946,"age":77},{"_id":"nm0252230","name":"Chiwetel Ejiofor","gender":"M","nationality":"English","birthyear":1977,"age":46},{"_id":"nm0000288","name":"Christian Bale","gender":"M","nationality":"Welsh","birthyear":1974,"age":49},{"_id":"nm7248827","name":"Cynthia Erivo","gender":"F","nationality":"English","birthyear":1986,"age":37},{"_id":"nm0000358","name":"Daniel Day-Lewis","gender":"M","nationality":"English","birthyear":1957,"age":66},{"_id":"nm2257207","name":"Daniel Kaluuya","gender":"M","nationality":"English","birthyear":1989,"age":34},{"_id":"nm0000243","name":"Denzel Washington","gender":"M","nationality":"American","birthyear":1954,"age":69},{"_id":"nm1519666","name":"Eddie Redmayne","gender":"M","nationality":"English","birthyear":1981,"age":42},{"_id":"nm1297015","name":"Emma Stone","gender":"F","nationality":"American","birthyear":1988,"age":35},{"_id":"nm0428065","name":"Felicity Jones","gender":"F","nationality":"English","birthyear":1983,"age":40},{"_id":"nm0000531","name":"Frances McDormand","gender":"F","nationality":"American","birthyear":1957,"age":66},{"_id":"nm0000198","name":"Gary Oldman","gender":"M","nationality":"English","birthyear":1958,"age":65},{"_id":"nm0000335","name":"Glenn Close","gender":"F","nationality":"American","birthyear":1946,"age":77},{"_id":"nm0413168","name":"Hugh Jackman","gender":"M","nationality":"Australian","birthyear":1968,"age":55},{"_id":"nm0001376","name":"Isabelle Huppert","gender":"F","nationality":"French","birthyear":1952,"age":71},{"_id":"nm2225369","name":"Jennifer Lawrence","gender":"F","nationality":"American","birthyear":1990,"age":33},{"_id":"nm0001618","name":"Joaquin Phoenix","gender":"M","nationality":"American","birthyear":1974,"age":49},{"_id":"nm0000596","name":"Jonathan Pryce","gender":"M","nationality":"Welsh","birthyear":1947,"age":76},{"_id":"nm0001132","name":"Judi Dench","gender":"F","nationality":"British","birthyear":1934,"age":89},{"_id":"nm0000194","name":"Julianne Moore","gender":"F","nationality":"American","birthyear":1960,"age":63},{"_id":"nm3078932","name":"Lady Gaga","gender":"F","nationality":"American","birthyear":1986,"age":37},{"_id":"nm0000138","name":"Leonardo DiCaprio","gender":"M","nationality":"American","birthyear":1974,"age":49},{"_id":"nm3053338","name":"Margot Robbie","gender":"F","nationality":"Australian","birthyear":1990,"age":33},{"_id":"nm0182839","name":"Marion Cotillard","gender":"F","nationality":"French","birthyear":1975,"age":48},{"_id":"nm0000354","name":"Matt Damon","gender":"M","nationality":"American","birthyear":1970,"age":53},{"_id":"nm0000190","name":"Matthew McConaughey","gender":"M","nationality":"American","birthyear":1969,"age":54},{"_id":"nm0565250","name":"Melissa McCarthy","gender":"F","nationality":"American","birthyear":1970,"age":53},{"_id":"nm0000658","name":"Meryl Streep","gender":"F","nationality":"American","birthyear":1949,"age":74},{"_id":"nm1055413","name":"Michael Fassbender","gender":"M","nationality":"Irish-German","birthyear":1977,"age":46},{"_id":"nm0000474","name":"Michael Keaton","gender":"M","nationality":"American","birthyear":1951,"age":72},{"_id":"nm0000204","name":"Natalie Portman","gender":"F","nationality":"Israeli-American","birthyear":1981,"age":42},{"_id":"nm1469236","name":"Olivia Colman","gender":"F","nationality":"British","birthyear":1974,"age":49},{"_id":"nm1785339","name":"Rami Malek","gender":"M","nationality":"American","birthyear":1981,"age":42},{"_id":"nm0000702","name":"Reese Witherspoon","gender":"F","nationality":"American","birthyear":1975,"age":48},{"_id":"nm0000250","name":"Renée Zellweger","gender":"F","nationality":"American","birthyear":1969,"age":54},{"_id":"nm1981893","name":"Riz Ahmed","gender":"M","nationality":"British","birthyear":1982,"age":41},{"_id":"nm0683253","name":"Rosamund Pike","gender":"F","nationality":"British","birthyear":1978,"age":45},{"_id":"nm1550948","name":"Ruth Negga","gender":"F","nationality":"Ethiopian","birthyear":1981,"age":42},{"_id":"nm0331516","name":"Ryan Gosling","gender":"M","nationality":"Canadian","birthyear":1980,"age":43},{"_id":"nm1020089","name":"Sally Hawkins","gender":"F","nationality":"British","birthyear":1976,"age":47},{"_id":"nm0000113","name":"Sandra Bullock","gender":"F","nationality":"American","birthyear":1964,"age":59},{"_id":"nm1519680","name":"Saoirse Ronan","gender":"F","nationality":"Irish","birthyear":1994,"age":29},{"_id":"nm0424060","name":"Scarlett Johansson","gender":"F","nationality":"American","birthyear":1984,"age":39},{"_id":"nm0136797","name":"Steve Carell","gender":"M","nationality":"American","birthyear":1962,"age":61},{"_id":"nm3081796","name":"Steven Yeun","gender":"M","nationality":"South Korean","birthyear":1983,"age":40},{"_id":"nm3154303","name":"Timothée Chalamet","gender":"M","nationality":"American","birthyear":1995,"age":28},{"_id":"nm3948952","name":"Vanessa Kirby","gender":"F","nationality":"British","birthyear":1988,"age":35},{"_id":"nm0001557","name":"Viggo Mortensen","gender":"M","nationality":"American","birthyear":1958,"age":65},{"_id":"nm0205626","name":"Viola Davis","gender":"F","nationality":"American","birthyear":1965,"age":58},{"_id":"nm0000353","name":"Willem Dafoe","gender":"M","nationality":"American","birthyear":1955,"age":68},{"_id":"nm0592135","name":"Lin-Manuel Miranda","gender":"M","nationality":"American","birthyear":1979,"age":44},{"_id":"nm1421814","name":"Suriya","gender":"M","nationality":"Indian","birthyear":1975,"age":48},{"_id":"nm1886602","name":"Miles Teller","gender":"M","nationality":"American","birthyear":1986,"age":37},{"_id":"nm0865918","name":"Éric Toledano","gender":"M","nationality":"French","birthyear":1971,"age":52},{"_id":"nm9862858","name":"Zain Al Rafeea","gender":"M","nationality":"Syrian","birthyear":2004,"age":19},{"_id":"nm1126340","name":"Ryûnosuke Kamiki","gender":"M","nationality":"Japanese","birthyear":1993,"age":30},{"_id":"nm0451148","name":"Aamir Khan","gender":"M","nationality":"Indian","birthyear":1964,"age":59},{"_id":"nm0709056","name":"Peter Ramsey","gender":"M","nationality":"American","birthyear":1962,"age":61},{"_id":"nm0751648","name":"Joe Russo","gender":"M","nationality":"American","birthyear":1971,"age":52},{"_id":"nm2937122","name":"Adrian Molina","gender":"M","nationality":"American","birthyear":1985,"age":38},{"_id":"nm0004937","name":"Jamie Foxx","gender":"M","nationality":"American","birthyear":1967,"age":56},{"_id":"nm1244760","name":"Amole Gupte","gender":"M","nationality":"Indian","birthyear":1975,"age":48},{"_id":"nm0123785","name":"Ben Burtt","gender":"M","nationality":"American","birthyear":1948,"age":75},{"_id":"nm2835616","name":"Dean-Charles Chapman","gender":"M","nationality":"English","birthyear":1997,"age":26},{"_id":"nm1628153","name":"Anand Gandhi","gender":"M","nationality":"Indian","birthyear":1981,"age":42},{"_id":"nm4731677","name":"Ayushmann Khurrana","gender":"M","nationality":"Indian","birthyear":1984,"age":39},{"_id":"nm0482320","name":"Mohanlal","gender":"M","nationality":"Indian","birthyear":1960,"age":63},{"_id":"nm0586568","name":"Mads Mikkelsen","gender":"M","nationality":"Danish","birthyear":1966,"age":57},{"_id":"nm1818216","name":"Payman Maadi","gender":"M","nationality":"Iranian","birthyear":1971,"age":52},{"_id":"nm0044073","name":"Lubna Azabal","gender":"F","nationality":"Belgian","birthyear":1971,"age":52},{"_id":"nm0000093","name":"Brad Pitt","gender":"M","nationality":"American","birthyear":1964,"age":59},{"_id":"nm3818286","name":"Sushant Singh Rajput","gender":"M","nationality":"Indian","birthyear":1988,"age":35},{"_id":"nm5817249","name":"Vicky Kaushal","gender":"F","nationality":"Indian","birthyear":1989,"age":34},{"_id":"nm5232139","name":"Yash","gender":"M","nationality":"Indian","birthyear":1987,"age":36},{"_id":"nm0451234","name":"Irrfan Khan","gender":"M","nationality":"Indian","birthyear":1968,"age":55},{"_id":"nm1659141","name":"Prabhas","gender":"M","nationality":"Indian","birthyear":1980,"age":43},{"_id":"nm3582089","name":"Carlos Martínez López","gender":"M","nationality":"Spanish","birthyear":1991,"age":32},{"_id":"nm0222426","name":"Ajay Devgn","gender":"M","nationality":"Indian","birthyear":1969,"age":54},{"_id":"nm2144007","name":"Kangana Ranaut","gender":"F","nationality":"Indian","birthyear":1987,"age":36},{"_id":"nm0880407","name":"Lembit Ulfsak","gender":"M","nationality":"Estonian","birthyear":1953,"age":70},{"_id":"nm1027719","name":"Farhan Akhtar","gender":"M","nationality":"Indian","birthyear":1974,"age":49},{"_id":"nm0048075","name":"Manoj Bajpayee","gender":"M","nationality":"Indian","birthyear":1969,"age":54},{"_id":"nm3888054","name":"Rajat Barmecha","gender":"M","nationality":"Indian","birthyear":1989,"age":34},{"_id":"nm0201857","name":"Ricardo Darín","gender":"M","nationality":"Argentine","birthyear":1957,"age":66},{"_id":"nm0362766","name":"Tom Hardy","gender":"M","nationality":"British","birthyear":1978,"age":45},{"_id":"nm0677037","name":"Bob Peterson","gender":"M","nationality":"American","birthyear":1966,"age":57},{"_id":"nm0451321","name":"Shah Rukh Khan","gender":"M","nationality":"Indian","birthyear":1966,"age":57},{"_id":"nm0000158","name":"Tom Hanks","gender":"M","nationality":"American","birthyear":1956,"age":67},{"_id":"nm4374524","name":"Noémie Merlant","gender":"F","nationality":"French","birthyear":1989,"age":34},{"_id":"nm3966456","name":"Taapsee Pannu","gender":"F","nationality":"Indian","birthyear":1988,"age":35},{"_id":"nm0997115","name":"Miyu Irino","gender":"M","nationality":"Japanese","birthyear":1989,"age":34},{"_id":"nm1832584","name":"Mario Casas","gender":"M","nationality":"Spanish","birthyear":1986,"age":37},{"_id":"nm1195119","name":"Kim Min-hee","gender":"F","nationality":"South Korean","birthyear":1982,"age":41},{"_id":"nm0234237","name":"Anne Dorval","gender":"F","nationality":"Canadian","birthyear":1962,"age":61},{"_id":"nm1372788","name":"Shahid Kapoor","gender":"M","nationality":"Indian","birthyear":1981,"age":42},{"_id":"nm0334882","name":"Darío Grandinetti","gender":"M","nationality":"Argentine","birthyear":1959,"age":64},{"_id":"nm5358492","name":"Kemp Powers","gender":"M","nationality":"American","birthyear":1974,"age":49},{"_id":"nm0082211","name":"Haluk Bilginer","gender":"M","nationality":"Turkish","birthyear":1955,"age":68},{"_id":"nm0712546","name":"Paresh Rawal","gender":"M","nationality":"Indian","birthyear":1956,"age":67},{"_id":"nm0000146","name":"Ralph Fiennes","gender":"M","nationality":"British","birthyear":1963,"age":60},{"_id":"nm0000255","name":"Ben Affleck","gender":"M","nationality":"American","birthyear":1972,"age":51},{"_id":"nm0594497","name":"Aoi Miyazaki","gender":"F","nationality":"Japanese","birthyear":1986,"age":37},{"_id":"nm0215455","name":"Ronnie Del Carmen","gender":"M","nationality":"Filipino","birthyear":1961,"age":62},{"_id":"nm1633541","name":"Ranbir Kapoor","gender":"M","nationality":"Indian","birthyear":1983,"age":40},{"_id":"nm0117709","name":"Daniel Brühl","gender":"M","nationality":"German","birthyear":1978,"age":45},{"_id":"nm0749263","name":"Mark Ruffalo","gender":"M","nationality":"American","birthyear":1968,"age":55},{"_id":"nm5146515","name":"David Rawle","gender":"M","nationality":"Irish","birthyear":2002,"age":21},{"_id":"nm1799038","name":"Vidya Balan","gender":"F","nationality":"Indian","birthyear":1979,"age":44},{"_id":"nm0004335","name":"Hrithik Roshan","gender":"M","nationality":"Indian","birthyear":1974,"age":49},{"_id":"nm0451600","name":"Anupam Kher","gender":"M","nationality":"Indian","birthyear":1956,"age":67},{"_id":"nm0000142","name":"Clint Eastwood","gender":"M","nationality":"American","birthyear":1930,"age":93},{"_id":"nm0705356","name":"Daniel Radcliffe","gender":"M","nationality":"English","birthyear":1989,"age":34},{"_id":"nm0609403","name":"Masahiro Motoki","gender":"M","nationality":"Japanese","birthyear":1967,"age":56},{"_id":"nm0000152","name":"Richard Gere","gender":"M","nationality":"American","birthyear":1950,"age":73},{"_id":"nm0001057","name":"Toni Collette","gender":"F","nationality":"Australian","birthyear":1973,"age":50},{"_id":"nm0761498","name":"Chris Sanders","gender":"M","nationality":"American","birthyear":1961,"age":62},{"_id":"nm0386472","name":"Emile Hirsch","gender":"M","nationality":"American","birthyear":1985,"age":38},{"_id":"nm0001054","name":"Joel Coen","gender":"M","nationality":"American","birthyear":1955,"age":68},{"_id":"nm0474774","name":"Akshay Kumar","gender":"M","nationality":"Indian","birthyear":1968,"age":55},{"_id":"nm0006795","name":"Salman Khan","gender":"M","nationality":"Indian","birthyear":1966,"age":57},{"_id":"nm2353862","name":"Dev Patel","gender":"M","nationality":"English","birthyear":1991,"age":32},{"_id":"nm0601781","name":"Rich Moore","gender":"M","nationality":"American","birthyear":1968,"age":55},{"_id":"nm1631269","name":"Chloë Grace Moretz","gender":"F","nationality":"American","birthyear":1997,"age":26},{"_id":"nm5016878","name":"Jacob Tremblay","gender":"M","nationality":"Canadian","birthyear":2007,"age":16},{"_id":"nm1994146","name":"Vijay Varma","gender":"M","nationality":"Indian","birthyear":1986,"age":37},{"_id":"nm3299397","name":"Iko Uwais","gender":"M","nationality":"Indonesian","birthyear":1984,"age":39},{"_id":"nm0695435","name":"Chris Pratt","gender":"M","nationality":"American","birthyear":1980,"age":43},{"_id":"nm0001230","name":"Harrison Ford","gender":"M","nationality":"American","birthyear":1943,"age":80},{"_id":"nm0503567","name":"Logan Lerman","gender":"M","nationality":"American","birthyear":1992,"age":31},{"_id":"nm0609944","name":"Wagner Moura","gender":"M","nationality":"Brazilian","birthyear":1977,"age":46},{"_id":"nm0000147","name":"Colin Firth","gender":"M","nationality":"English","birthyear":1961,"age":62},{"_id":"nm0005351","name":"Ryan Reynolds","gender":"M","nationality":"Canadian","birthyear":1977,"age":46},{"_id":"nm0267042","name":"Golshifteh Farahani","gender":"F","nationality":"Iranian","birthyear":1984,"age":39},{"_id":"nm1867717","name":"Abhay Deol","gender":"M","nationality":"Indian","birthyear":1977,"age":46},{"_id":"nm0947447","name":"Donnie Yen","gender":"M","nationality":"Chinese","birthyear":1964,"age":59},{"_id":"nm0849164","name":"Loveleen Tandan","gender":"F","nationality":"Indian","birthyear":1977,"age":46},{"_id":"nm0000375","name":"Robert Downey Jr.","gender":"M","nationality":"American","birthyear":1965,"age":58},{"_id":"nm2277869","name":"Marjane Satrapi","gender":"F","nationality":"Iranian","birthyear":1971,"age":52},{"_id":"nm0684342","name":"Jan Pinkava","gender":"M","nationality":"Czech","birthyear":1964,"age":59},{"_id":"nm0000849","name":"Javier Bardem","gender":"M","nationality":"Spanish","birthyear":1970,"age":53},{"_id":"nm0185819","name":"Daniel Craig","gender":"M","nationality":"English","birthyear":1968,"age":55},{"_id":"nm1410940","name":"Lily Franky","gender":"M","nationality":"Japanese","birthyear":1954,"age":69},{"_id":"nm2309517","name":"Armie Hammer","gender":"M","nationality":"American","birthyear":1986,"age":37},{"_id":"nm0000554","name":"Sam Neill","gender":"M","nationality":"New Zealander","birthyear":1947,"age":76},{"_id":"nm6916321","name":"Ferdia Walsh-Peelo","gender":"M","nationality":"Irish","birthyear":2000,"age":23},{"_id":"nm1165110","name":"Chris Hemsworth","gender":"M","nationality":"Australian","birthyear":1984,"age":39},{"_id":"nm0350453","name":"Jake Gyllenhaal","gender":"M","nationality":"American","birthyear":1981,"age":42},{"_id":"nm9877392","name":"Roman Griffin Davis","gender":"M","nationality":"British","birthyear":2008,"age":15},{"_id":"nm5397459","name":"Daisy Ridley","gender":"F","nationality":"English","birthyear":1992,"age":31},{"_id":"nm0000160","name":"Ethan Hawke","gender":"M","nationality":"American","birthyear":1971,"age":52},{"_id":"nm0001772","name":"Patrick Stewart","gender":"M","nationality":"British","birthyear":1940,"age":83},{"_id":"nm1959252","name":"Muhammet Uzuner","gender":"M","nationality":"Turkish","birthyear":1965,"age":58},{"_id":"nm0241121","name":"Jean Dujardin","gender":"M","nationality":"French","birthyear":1973,"age":50},{"_id":"nm0000129","name":"Tom Cruise","gender":"M","nationality":"American","birthyear":1962,"age":61},{"_id":"nm0004462","name":"Jean-Louis Trintignant","gender":"M","nationality":"French","birthyear":1931,"age":92},{"_id":"nm0000134","name":"Robert De Niro","gender":"M","nationality":"American","birthyear":1943,"age":80},{"_id":"nm2588665","name":"Tahar Rahim","gender":"M","nationality":"French","birthyear":1982,"age":41},{"_id":"nm0005377","name":"Sam Rockwell","gender":"M","nationality":"American","birthyear":1969,"age":54},{"_id":"nm2968765","name":"Kåre Hedebrant","gender":"M","nationality":"Swedish","birthyear":1995,"age":28},{"_id":"nm1663205","name":"Sharlto Copley","gender":"M","nationality":"South African","birthyear":1974,"age":49},{"_id":"nm0000620","name":"Mickey Rourke","gender":"M","nationality":"American","birthyear":1951,"age":72},{"_id":"nm1294664","name":"Ellar Coltrane","gender":"M","nationality":"American","birthyear":1993,"age":30},{"_id":"nm1671512","name":"Anamaria Marinca","gender":"F","nationality":"Romanian","birthyear":1977,"age":46},{"_id":"nm1517976","name":"Chris Pine","gender":"M","nationality":"American","birthyear":1979,"age":44},{"_id":"nm0268199","name":"Colin Farrell","gender":"M","nationality":"Irish","birthyear":1975,"age":48},{"_id":"nm4139037","name":"Suraj Sharma","gender":"M","nationality":"Indian","birthyear":1992,"age":31},{"_id":"nm0000123","name":"George Clooney","gender":"M","nationality":"American","birthyear":1960,"age":63},{"_id":"nm1017633","name":"Alia Bhatt","gender":"M","nationality":"Indian","birthyear":1992,"age":31},{"_id":"nm1486911","name":"Shahab Hosseini","gender":"F","nationality":"Iranian","birthyear":1973,"age":50},{"_id":"nm7887725","name":"Fionn Whitehead","gender":"M","nationality":"English","birthyear":1996,"age":27},{"_id":"nm0061484","name":"Giuseppe Battiston","gender":"M","nationality":"Italian","birthyear":1967,"age":56},{"_id":"nm0378245","name":"Taraji P. Henson","gender":"M","nationality":"American","birthyear":1969,"age":54},{"_id":"nm0924210","name":"Ben Whishaw","gender":"F","nationality":"English","birthyear":1979,"age":44},{"_id":"nm3435612","name":"Roland Møller","gender":"M","nationality":"Danish","birthyear":1971,"age":52},{"_id":"nm0000168","name":"Samuel L. Jackson","gender":"M","nationality":"American","birthyear":1947,"age":76},{"_id":"nm0631490","name":"Bill Nighy","gender":"M","nationality":"English","birthyear":1948,"age":75},{"_id":"nm0067367","name":"Bérénice Bejo","gender":"M","nationality":"Argentine","birthyear":1975,"age":48},{"_id":"nm0785842","name":"Toni Servillo","gender":"M","nationality":"Italian","birthyear":1958,"age":65},{"_id":"nm1727304","name":"Domhnall Gleeson","gender":"F","nationality":"Irish","birthyear":1982,"age":41},{"_id":"nm0030417","name":"Hideaki Anno","gender":"M","nationality":"Japanese","birthyear":1959,"age":64},{"_id":"nm0001691","name":"Geoffrey Rush","gender":"M","nationality":"Australian","birthyear":1950,"age":73},{"_id":"nm4442068","name":"Jared Gilman","gender":"M","nationality":"American","birthyear":1997,"age":26},{"_id":"nm0059431","name":"Jay Baruchel","gender":"F","nationality":"Canadian","birthyear":1981,"age":42},{"_id":"nm0559381","name":"Takako Matsu","gender":"M","nationality":"Japanese","birthyear":1976,"age":47},{"_id":"nm0496932","name":"Lee Byung-Hun","gender":"M","nationality":"South Korean","birthyear":1969,"age":54},{"_id":"nm1047193","name":"Won Bin","gender":"M","nationality":"South Korean","birthyear":1976,"age":47},{"_id":"nm6578009","name":"O'Shea Jackson Jr.","gender":"M","nationality":"American","birthyear":1990,"age":33},{"_id":"nm1067547","name":"Hye-ja Kim","gender":"F","nationality":"South Korean","birthyear":1940,"age":83},{"_id":"nm2412823","name":"Kim Yoon-seok","gender":"M","nationality":"South Korean","birthyear":1967,"age":56},{"_id":"nm0005212","name":"Ian McKellen","gender":"M","nationality":"British","birthyear":1938,"age":85},{"_id":"nm3041056","name":"Christian Friedel","gender":"M","nationality":"German","birthyear":1978,"age":45},{"_id":"nm0000242","name":"Mark Wahlberg","gender":"F","nationality":"American","birthyear":1970,"age":53},{"_id":"nm0000553","name":"Liam Neeson","gender":"M","nationality":"Irish","birthyear":1951,"age":72},{"_id":"nm2633535","name":"Asa Butterfield","gender":"M","nationality":"English","birthyear":1996,"age":27},{"_id":"nm0293509","name":"Martin Freeman","gender":"M","nationality":"British","birthyear":1970,"age":53},{"_id":"nm0205811","name":"Baki Davrak","gender":"M","nationality":"Turkish","birthyear":1970,"age":53},{"_id":"nm0461136","name":"Keira Knightley","gender":"M","nationality":"British","birthyear":1984,"age":39},{"_id":"nm0941777","name":"Sam Worthington","gender":"M","nationality":"Australian","birthyear":1975,"age":48},{"_id":"nm0001467","name":"Jared Leto","gender":"M","nationality":"American","birthyear":1970,"age":53},{"_id":"nm0670408","name":"Simon Pegg","gender":"M","nationality":"British","birthyear":1969,"age":54},{"_id":"nm4853066","name":"Josh O'Connor","gender":"M","nationality":"British","birthyear":1989,"age":34},{"_id":"nm2080328","name":"Kelsey Asbille","gender":"F","nationality":"American","birthyear":1990,"age":33},{"_id":"nm0489858","name":"Rolf Lassgård","gender":"M","nationality":"Swedish","birthyear":1954,"age":69},{"_id":"nm0169806","name":"Taika Waititi","gender":"M","nationality":"New Zealander","birthyear":1974,"age":49},{"_id":"nm0948488","name":"Hiromasa Yonebayashi","gender":"M","nationality":"Japanese","birthyear":1972,"age":51},{"_id":"nm0940362","name":"Shailene Woodley","gender":"M","nationality":"American","birthyear":1990,"age":33},{"_id":"nm3287038","name":"Thomas Mann","gender":"F","nationality":"American","birthyear":1990,"age":33},{"_id":"nm2244205","name":"Léa Seydoux","gender":"M","nationality":"French","birthyear":1984,"age":39},{"_id":"nm2815326","name":"Amit Sadh","gender":"M","nationality":"Indian","birthyear":1982,"age":41},{"_id":"nm0046424","name":"Veerle Baetens","gender":"M","nationality":"Belgian","birthyear":1977,"age":46},{"_id":"nm0000604","name":"John C. Reilly","gender":"F","nationality":"American","birthyear":1964,"age":59},{"_id":"nm0000313","name":"Jeff Bridges","gender":"M","nationality":"American","birthyear":1948,"age":75},{"_id":"nm0004778","name":"Adrien Brody","gender":"M","nationality":"American","birthyear":1973,"age":50},{"_id":"nm0005562","name":"Owen Wilson","gender":"M","nationality":"American","birthyear":1968,"age":55},{"_id":"nm6781688","name":"Abraham Attah","gender":"M","nationality":"Ghanaian","birthyear":2002,"age":21},{"_id":"nm0251986","name":"Jesse Eisenberg","gender":"M","nationality":"American","birthyear":1984,"age":39},{"_id":"nm0564215","name":"James McAvoy","gender":"M","nationality":"Scottish","birthyear":1980,"age":43},{"_id":"nm0302108","name":"Zach Galifianakis","gender":"M","nationality":"American","birthyear":1970,"age":53},{"_id":"nm0221046","name":"Zooey Deschanel","gender":"F","nationality":"American","birthyear":1980,"age":43},{"_id":"nm0001449","name":"Frank Langella","gender":"M","nationality":"American","birthyear":1939,"age":84},{"_id":"nm0001401","name":"Angelina Jolie","gender":"F","nationality":"American","birthyear":1976,"age":47},{"_id":"nm1630992","name":"Madeline Carroll","gender":"F","nationality":"American","birthyear":1996,"age":27},{"_id":"nm2539953","name":"Alicia Vikander","gender":"F","nationality":"Swedish","birthyear":1989,"age":34},{"_id":"nm0727165","name":"Sam Riley","gender":"M","nationality":"British","birthyear":1981,"age":42},{"_id":"nm0397174","name":"Byron Howard","gender":"M","nationality":"American","birthyear":1968,"age":55},{"_id":"nm0000128","name":"Russell Crowe","gender":"M","nationality":"New Zealander","birthyear":1964,"age":59},{"_id":"nm0266824","name":"Dakota Fanning","gender":"F","nationality":"American","birthyear":1994,"age":29},{"_id":"nm0158626","name":"John Cho","gender":"M","nationality":"American","birthyear":1973,"age":50},{"_id":"nm3539159","name":"Maryana Spivak","gender":"F","nationality":"Russian","birthyear":1980,"age":43},{"_id":"nm7737419","name":"Brooklynn Prince","gender":"F","nationality":"American","birthyear":2011,"age":12},{"_id":"nm0430107","name":"Michael B. Jordan","gender":"M","nationality":"American","birthyear":1987,"age":36},{"_id":"nm1521134","name":"Chris Evans","gender":"M","nationality":"American","birthyear":1981,"age":42},{"_id":"nm4663937","name":"Laia Costa","gender":"F","nationality":"Spanish","birthyear":1986,"age":37},{"_id":"nm5052065","name":"Ansel Elgort","gender":"M","nationality":"American","birthyear":1994,"age":29},{"_id":"nm0000982","name":"Josh Brolin","gender":"M","nationality":"American","birthyear":1968,"age":55},{"_id":"nm0005266","name":"Craig T. Nelson","gender":"M","nationality":"American","birthyear":1945,"age":78},{"_id":"nm0615780","name":"John Musker","gender":"M","nationality":"American","birthyear":1953,"age":70},{"_id":"nm1289434","name":"Emily Blunt","gender":"F","nationality":"English","birthyear":1983,"age":40},{"_id":"nm0148516","name":"Aleksey Serebryakov","gender":"M","nationality":"Russian","birthyear":1967,"age":56},{"_id":"nm0180580","name":"Jose Coronado","gender":"M","nationality":"Spanish","birthyear":1958,"age":65},{"_id":"nm0688132","name":"Amy Poehler","gender":"F","nationality":"American","birthyear":1972,"age":51},{"_id":"nm0675409","name":"Mikael Persbrandt","gender":"M","nationality":"Swedish","birthyear":1964,"age":59},{"_id":"nm0719208","name":"Chris Renaud","gender":"M","nationality":"American","birthyear":1967,"age":56},{"_id":"nm0330687","name":"Joseph Gordon-Levitt","gender":"M","nationality":"American","birthyear":1981,"age":42},{"_id":"nm1093951","name":"Aaron Taylor-Johnson","gender":"M","nationality":"English","birthyear":1991,"age":32},{"_id":"nm0869088","name":"Luis Tosar","gender":"M","nationality":"Spanish","birthyear":1972,"age":51},{"_id":"nm0900915","name":"Jürgen Vogel","gender":"M","nationality":"German","birthyear":1969,"age":54},{"_id":"nm2466842","name":"Quinton Aaron","gender":"M","nationality":"American","birthyear":1986,"age":37},{"_id":"nm0420955","name":"Richard Jenkins","gender":"M","nationality":"American","birthyear":1948,"age":75},{"_id":"nm0000226","name":"Will Smith","gender":"M","nationality":"American","birthyear":1969,"age":54},{"_id":"nm0915208","name":"Naomi Watts","gender":"F","nationality":"British","birthyear":1969,"age":54},{"_id":"nm1214435","name":"Charlie Cox","gender":"M","nationality":"English","birthyear":1983,"age":40},{"_id":"nm0000151","name":"Morgan Freeman","gender":"M","nationality":"American","birthyear":1937,"age":86},{"_id":"nm0355097","name":"Jackie Earle Haley","gender":"M","nationality":"American","birthyear":1962,"age":61},{"_id":"nm5611121","name":"Millie Bobby Brown","gender":"F","nationality":"British","birthyear":2004,"age":19},{"_id":"nm6016511","name":"Finn Wolfhard","gender":"M","nationality":"Canadian","birthyear":2003,"age":20},{"_id":"nm7415871","name":"Noah Jupe","gender":"M","nationality":"British","birthyear":2006,"age":17},{"_id":"nm3220568","name":"Elsie Fisher","gender":"F","nationality":"American","birthyear":2004,"age":19},{"_id":"nm5085683","name":"Mckenna Grace","gender":"F","nationality":"American","birthyear":2007,"age":16},{"_id":"nm5421877","name":"Julian Dennison","gender":"M","nationality":"New Zealander","birthyear":2003,"age":20},{"_id":"nm5623883","name":"Phillipa Soo","gender":"F","nationality":"American","birthyear":1990,"age":33},{"_id":"nm1310525","name":"Lee Sun-kyun","gender":"M","nationality":"South Korean","birthyear":1975,"age":48},{"_id":"nm0534856","name":"Madhavan","gender":"M","nationality":"Indian","birthyear":1971,"age":52},{"_id":"nm0004266","name":"Anne Hathaway","gender":"F","nationality":"American","birthyear":1983,"age":40},{"_id":"nm0799777","name":"J.K. Simmons","gender":"M","nationality":"American","birthyear":1955,"age":68},{"_id":"nm0167388","name":"François Cluzet","gender":"M","nationality":"French","birthyear":1956,"age":67},{"_id":"nm1002038","name":"Çetin Tekindor","gender":"M","nationality":"Turkish","birthyear":1957,"age":66},{"_id":"nm4759838","name":"Mone Kamishiraishi","gender":"F","nationality":"Japanese","birthyear":1998,"age":25},{"_id":"nm2799219","name":"Sakshi Tanwar","gender":"F","nationality":"Indian","birthyear":1974,"age":49},{"_id":"nm0745247","name":"Rodney Rothman","gender":"M","nationality":"American","birthyear":1975,"age":48},{"_id":"nm5645519","name":"Anthony Gonzalez","gender":"M","nationality":"American","birthyear":2005,"age":18},{"_id":"nm0910607","name":"Christoph Waltz","gender":"M","nationality":"Austrian-German","birthyear":1957,"age":66},{"_id":"nm2594301","name":"Darsheel Safary","gender":"M","nationality":"Indian","birthyear":1998,"age":25},{"_id":"nm2264184","name":"Elissa Knight","gender":"F","nationality":"American","birthyear":1976,"age":47},{"_id":"nm1126657","name":"George MacKay","gender":"M","nationality":"British","birthyear":1993,"age":30},{"_id":"nm4205110","name":"Adesh Prasad","gender":"M","nationality":"Indian","birthyear":1996,"age":27},{"_id":"nm0007102","name":"Tabu","gender":"F","nationality":"Indian","birthyear":1972,"age":51},{"_id":"nm0576169","name":"Meena","gender":"F","nationality":"Indian","birthyear":1978,"age":45},{"_id":"nm0488917","name":"Thomas Bo Larsen","gender":"M","nationality":"Danish","birthyear":1971,"age":52},{"_id":"nm0368689","name":"Leila Hatami","gender":"F","nationality":"Iranian","birthyear":1974,"age":49},{"_id":"nm0246386","name":"Mélissa Désormeaux-Poulin","gender":"F","nationality":"Canadian","birthyear":1978,"age":45},{"_id":"nm9651809","name":"Nisa Sofiya Aksongur","gender":"F","nationality":"Turkish","birthyear":2010,"age":13},{"_id":"nm1208167","name":"Diane Kruger","gender":"F","nationality":"German","birthyear":1977,"age":46},{"_id":"nm3601766","name":"Shraddha Kapoor","gender":"F","nationality":"Indian","birthyear":1988,"age":35},{"_id":"nm8635807","name":"Srinidhi Shetty","gender":"F","nationality":"Indian","birthyear":1993,"age":30},{"_id":"nm0991810","name":"Mahershala Ali","gender":"M","nationality":"American","birthyear":1974,"age":49},{"_id":"nm0000437","name":"Woody Harrelson","gender":"M","nationality":"American","birthyear":1962,"age":61},{"_id":"nm1234298","name":"Konkona Sen Sharma","gender":"F","nationality":"Indian","birthyear":1980,"age":43},{"_id":"nm2281292","name":"Rana Daggubati","gender":"M","nationality":"Indian","birthyear":1985,"age":38},{"_id":"nm0005403","name":"Jason Schwartzman","gender":"M","nationality":"American","birthyear":1981,"age":42},{"_id":"nm1328152","name":"Shriya Saran","gender":"F","nationality":"Indian","birthyear":1983,"age":40},{"_id":"nm3822770","name":"Rajkummar Rao","gender":"M","nationality":"Indian","birthyear":1985,"age":38},{"_id":"nm2128238","name":"Sonam Kapoor","gender":"F","nationality":"Indian","birthyear":1986,"age":37},{"_id":"nm3190246","name":"Richa Chadha","gender":"F","nationality":"Indian","birthyear":1987,"age":36},{"_id":"nm0747172","name":"Ronit Roy","gender":"M","nationality":"Indian","birthyear":1966,"age":57},{"_id":"nm2977124","name":"Mahie Gill","gender":"F","nationality":"Indian","birthyear":1976,"age":47},{"_id":"nm0897845","name":"Soledad Villamil","gender":"F","nationality":"Argentine","birthyear":1971,"age":52},{"_id":"nm0000560","name":"Nick Nolte","gender":"M","nationality":"American","birthyear":1941,"age":82},{"_id":"nm0607865","name":"Emily Mortimer","gender":"F","nationality":"British","birthyear":1972,"age":51},{"_id":"nm0757855","name":"Zoe Saldana","gender":"F","nationality":"American/Dominican","birthyear":1979,"age":44},{"_id":"nm0001631","name":"Sarah Polley","gender":"F","nationality":"Canadian","birthyear":1979,"age":44},{"_id":"nm0296545","name":"Nick Frost","gender":"M","nationality":"British","birthyear":1973,"age":50},{"_id":"nm0211920","name":"Marina de Tavira","gender":"F","nationality":"Mexican","birthyear":1975,"age":48},{"_id":"nm2649764","name":"Alec Secareanu","gender":"M","nationality":"Romanian","birthyear":1986,"age":37},{"_id":"nm0719637","name":"Jeremy Renner","gender":"M","nationality":"American","birthyear":1972,"age":51},{"_id":"nm4129745","name":"Allison Williams","gender":"F","nationality":"American","birthyear":1989,"age":34},{"_id":"nm0147147","name":"Henry Cavill","gender":"M","nationality":"British","birthyear":1984,"age":39},{"_id":"nm2560232","name":"Bahar Pars","gender":"F","nationality":"Iranian","birthyear":1975,"age":48},{"_id":"nm1318596","name":"Jemaine Clement","gender":"M","nationality":"New Zealander","birthyear":1975,"age":48},{"_id":"nm3268918","name":"Sara Takatsuki","gender":"F","nationality":"Japanese","birthyear":2002,"age":21},{"_id":"nm5473782","name":"Taron Egerton","gender":"M","nationality":"British","birthyear":1990,"age":33},{"_id":"nm5518972","name":"RJ Cyler","gender":"M","nationality":"American","birthyear":1996,"age":27},{"_id":"nm2650819","name":"Adèle Exarchopoulos","gender":"F","nationality":"French","birthyear":1994,"age":29},{"_id":"nm0374949","name":"Johan Heldenbergh","gender":"M","nationality":"Belgian","birthyear":1968,"age":55},{"_id":"nm3668216","name":"Nargis Fakhri","gender":"F","nationality":"American/Pakistani","birthyear":1980,"age":43},{"_id":"nm0287182","name":"Will Forte","gender":"M","nationality":"American","birthyear":1971,"age":52},{"_id":"nm1442113","name":"Jack McBrayer","gender":"M","nationality":"American","birthyear":1974,"age":49},{"_id":"nm3237775","name":"Mackenzie Foy","gender":"F","nationality":"American","birthyear":2001,"age":22},{"_id":"nm0376716","name":"Christina Hendricks","gender":"F","nationality":"American","birthyear":1975,"age":48},{"_id":"nm1046097","name":"Rachel McAdams","gender":"F","nationality":"Canadian","birthyear":1979,"age":44},{"_id":"nm0704270","name":"Zachary Quinto","gender":"M","nationality":"American","birthyear":1978,"age":45},{"_id":"nm7636995","name":"Emmanuel Affadzi","gender":"M","nationality":"Ghanaian","birthyear":1992,"age":31},{"_id":"nm0914612","name":"Emma Watson","gender":"F","nationality":"British","birthyear":1991,"age":32},{"_id":"nm0790688","name":"Michael Sheen","gender":"M","nationality":"Welsh","birthyear":1969,"age":54},{"_id":"nm0272173","name":"Colm Feore","gender":"M","nationality":"Canadian/Irish","birthyear":1959,"age":64},{"_id":"nm2786608","name":"Callan McAuliffe","gender":"M","nationality":"Australian","birthyear":1996,"age":27},{"_id":"nm0608090","name":"Samantha Morton","gender":"F","nationality":"British","birthyear":1978,"age":45},{"_id":"nm0601553","name":"Mandy Moore","gender":"F","nationality":"American","birthyear":1985,"age":38},{"_id":"nm0000159","name":"Teri Hatcher","gender":"F","nationality":"American","birthyear":1965,"age":58},{"_id":"nm0005226","name":"Debra Messing","gender":"F","nationality":"American","birthyear":1969,"age":54},{"_id":"nm3729612","name":"Aleksey Rozin","gender":"M","nationality":"Russian","birthyear":1971,"age":52},{"_id":"nm8458915","name":"Bria Vinaite","gender":"F","nationality":"Lithuanian/American","birthyear":1994,"age":29},{"_id":"nm5789377","name":"Zack Gottsagen","gender":"M","nationality":"American","birthyear":1986,"age":37},{"_id":"nm1035643","name":"Frederick Lau","gender":"M","nationality":"German","birthyear":1990,"age":33},{"_id":"nm7322144","name":"Doga Zeynep Doguslu","gender":"F","nationality":"Turkish","birthyear":2002,"age":21},{"_id":"nm1256532","name":"Jon Bernthal","gender":"M","nationality":"American","birthyear":1977,"age":46},{"_id":"nm0753314","name":"Mark Rylance","gender":"M","nationality":"English","birthyear":1960,"age":63},{"_id":"nm0000456","name":"Holly Hunter","gender":"F","nationality":"American","birthyear":1959,"age":64},{"_id":"nm2320658","name":"Don Hall","gender":"M","nationality":"American","birthyear":1971,"age":52},{"_id":"nm0000230","name":"Sylvester Stallone","gender":"M","nationality":"American","birthyear":1946,"age":77},{"_id":"nm1956600","name":"Elena Lyadova","gender":"F","nationality":"Russian","birthyear":1986,"age":37},{"_id":"nm0004936","name":"Ben Foster","gender":"M","nationality":"American","birthyear":1981,"age":42},{"_id":"nm0176869","name":"Steve Coogan","gender":"M","nationality":"English","birthyear":1967,"age":56},{"_id":"nm0005392","name":"Keri Russell","gender":"F","nationality":"American","birthyear":1976,"age":47},{"_id":"nm1281229","name":"Hugo Silva","gender":"M","nationality":"Spanish","birthyear":1978,"age":45},{"_id":"nm1146705","name":"Ananda George","gender":"M","nationality":"British","birthyear":1971,"age":52},{"_id":"nm0671567","name":"Michael Peña","gender":"M","nationality":"American","birthyear":1976,"age":47},{"_id":"nm1541331","name":"Mirai Shida","gender":"F","nationality":"Japanese","birthyear":1994,"age":29},{"_id":"nm0245988","name":"Trine Dyrholm","gender":"F","nationality":"Danish","birthyear":1973,"age":50},{"_id":"nm0736622","name":"Seth Rogen","gender":"M","nationality":"Canadian","birthyear":1983,"age":40},{"_id":"nm0000115","name":"Nicolas Cage","gender":"M","nationality":"American","birthyear":1964,"age":59},{"_id":"nm2975962","name":"Alberto Ammann","gender":"M","nationality":"Argentine-Spanish","birthyear":1979,"age":44},{"_id":"nm0000705","name":"Robin Wright","gender":"F","nationality":"American","birthyear":1966,"age":57},{"_id":"nm0025745","name":"Elena Anaya","gender":"F","nationality":"Spanish","birthyear":1976,"age":47},{"_id":"nm0000179","name":"Jude Law","gender":"M","nationality":"English","birthyear":1973,"age":50},{"_id":"nm1896736","name":"Haaz Sleiman","gender":"M","nationality":"Lebanese","birthyear":1977,"age":46},{"_id":"nm0206257","name":"Rosario Dawson","gender":"F","nationality":"American","birthyear":1980,"age":43},{"_id":"nm0000132","name":"Claire Danes","gender":"F","nationality":"American","birthyear":1980,"age":43},{"_id":"nm3322957","name":"Evan McGuire","gender":"M","nationality":"Irish","birthyear":1997,"age":26},{"_id":"nm0000438","name":"Ed Harris","gender":"M","nationality":"American","birthyear":1951,"age":72},{"_id":"nm0856500","name":"Sylvie Testud","gender":"F","nationality":"French","birthyear":1973,"age":50},{"_id":"nm0933940","name":"Patrick Wilson","gender":"M","nationality":"American","birthyear":1974,"age":49}]}